10;sound-buttons
13;menu-actions-button-11
28;energycounter
29;BG
32;BG1
35;BG2
37;border
66;crew-plate
90;crew0
106;crew1
122;crew2
138;crew3
154;crew4
157;beam
160;beamPulse
163;beamPulseGreen
166;beamWide
174;crab
193;explosion
194;debris
197;icon-damage
200;icon-medical
203;icon-shield
206;icon-speed
215;lightning
227;octopus
249;alien0
252;alien1
253;alien2
256;atomicBlast
270;button
299;commandos
300;contamination
326;executioner
358;saboteur
375;seeker
376;skirmishers
397;slime
412;troopers
418;button-sound-pause
421;menu-action-crew-frame
424;menu-actions-actionBox-frame
428;menu-actions-actionsBox
431;menu-actions-button-00
434;menu-actions-button-01
437;menu-actions-button-10
440;menu-actions-button-20
443;menu-actions-button-21
446;menu-actions-button-A
449;menu-actions-button-AH
452;menu-actions-button-B
455;menu-actions-button-Batt
458;menu-actions-button-BattH
461;menu-actions-button-BH
464;menu-actions-button-C
467;menu-actions-button-D
470;menu-actions-button-del
473;menu-actions-button-KO
476;menu-actions-button-L
479;menu-actions-button-R
503;menu-actions-buttons
506;menu-bluezone
517;menu-crew
523;menu-crew-box
531;menu-crew0
534;menu-crew1
537;menu-crew2
540;menu-crew3
543;menu-crew4
549;menu-end2
552;menu-internal
560;menu-main
563;menu-redzone
611;menu-threat
615;menu-threat-T
618;menu-threat-T-frame
624;menu-threat-threat-frame
737;pics
739;menu-threat-threatBox
742;menu-threat-threatBox-frame
745;menu-threat-zone-frame
751;menu-track-frame
753;menu-whitezone
755;menu-track-selection
758;menu-track-zone-frame
759;menu-zone0
760;menu-zone1
762;menu-zone2
763;menu-zone3
768;messageBox
771;pauseMenu
778;playerSelect
781;selectCrew
788;turnMarker
790;shade
799;threat-tracker
811;threatDisplay
820;threatTrack-1
829;threatTrack-2
836;threatTrack-3
838;zonebands
860;battlebot
861;battlebots
864;elevator
869;fighter
877;fighter-explosion
884;fuelcounter
892;icon-pushButton
897;icon-repair
962;rocket
970;shieldcounter
976;ship
981;ship-beam
986;ship-damage
987;warp
1005;menu-end
1008;cursor
1013;menu-missionSetup
1016;menu-repair
1027;egg
1028;alarm
1031;menu-setdamage
1112;menu-damage-box
1113;bigExplosionSND
1114;boobooSND
1115;botLaserSND
1116;chargeSND
1119;clickSND
1120;click2SND
1122;doubleWalkSND
1123;rocketSND
1124;rocket2SND
1125;epicMoveSND
1126;executionerSND
1127;explosionSND1
1128;explosionSND2
1129;explosionSND3
1130;explosionSND4
1131;footstepSND
1132;gameOverSND
1133;gunShootingSND
1134;heavyBeamSND
1135;icon-popSND
1136;intruderSND
1137;lightBeamSND
1138;lightningSND
1139;newThreatSND
1141;chimeSND
1143;redalertSND
1144;repairSND
1145;roar
1146;robotWalkSND
1147;slamSND
1148;slimeSND
1149;slimeSquishSND
1151;speed-downSND
1152;speed-upSND
1153;teleport
1154;thrustSND
1155;track2
1156;trooperRunSND
1157;pipSND
1158;blastSND
1159;launchFightersSND
1160;laser2SND
1161;track1
1162;shieldSND
1163;pip2SND
1164;pushButtonSND
1165;weldSND
